model,threshold,precision,recall,f1
logreg,0.0,0.03785024007779736,1.0,0.07293969518176362
logreg,0.02040816326530612,0.03785024007779736,1.0,0.07293969518176362
logreg,0.04081632653061224,0.037855752858185356,0.9995985547972702,0.07294886255438206
logreg,0.061224489795918366,0.037855752858185356,0.9995985547972702,0.07294886255438206
logreg,0.08163265306122448,0.037855752858185356,0.9995985547972702,0.07294886255438206
logreg,0.1020408163265306,0.037829947694927625,0.9987956643918106,0.07289881187828712
logreg,0.12244897959183673,0.037829947694927625,0.9987956643918106,0.07289881187828712
logreg,0.14285714285714285,0.03783109813581486,0.9987956643918106,0.07290094788812869
logreg,0.16326530612244897,0.03783109813581486,0.9987956643918106,0.07290094788812869
logreg,0.18367346938775508,0.03777716944976731,0.9971898835808912,0.07279654187119936
logreg,0.2040816326530612,0.037796713329275713,0.9971898835808912,0.07283282754980869
logreg,0.22448979591836732,0.0408092804861207,0.9490164592533119,0.07825352951885996
logreg,0.24489795918367346,0.04469207981008809,0.9144921718185468,0.08521940817777113
logreg,0.26530612244897955,0.04551693512575189,0.9052589321557607,0.08667576345780563
logreg,0.2857142857142857,0.04642548982469432,0.8855881172219991,0.08822588385858263
logreg,0.3061224489795918,0.04836176190792239,0.8775592131674026,0.09167155917134949
logreg,0.32653061224489793,0.049568519157749395,0.8647129666800482,0.09376224263265573
logreg,0.3469387755102041,0.051825014076231975,0.8498594941790446,0.09769266266728195
logreg,0.36734693877551017,0.05344570635695565,0.8350060216780409,0.10046125238474728
logreg,0.3877551020408163,0.05537733797303175,0.8177438779606584,0.10373010821133036
logreg,0.4081632653061224,0.06271069944031683,0.7691690084303493,0.11596659000121051
logreg,0.42857142857142855,0.07516891891891891,0.7145724608590928,0.13602842841312904
logreg,0.44897959183673464,0.0793037629521905,0.7005218787635488,0.14247805674627476
logreg,0.4693877551020408,0.08266304874503343,0.6848655158570855,0.14752042889878508
logreg,0.4897959183673469,0.08541016324650734,0.6700120433560819,0.15150689905591866
logreg,0.5102040816326531,0.08905013192612138,0.6503412284223203,0.15665038920852875
logreg,0.5306122448979591,0.09295741417954465,0.6326776395022079,0.16209822576497815
logreg,0.5510204081632653,0.09423886410755795,0.602167804094741,0.16297262059973924
logreg,0.5714285714285714,0.0979754892003521,0.5808912083500603,0.16767091541135573
logreg,0.5918367346938775,0.09905694334461163,0.5523885989562425,0.16798925650103771
logreg,0.6122448979591836,0.10304173543975477,0.5262946607788037,0.1723412646246878
logreg,0.6326530612244897,0.10690747239578875,0.5014050582095544,0.17623818258783688
logreg,0.6530612244897959,0.10705033308660251,0.4644720995584103,0.1739980449657869
logreg,0.673469387755102,0.10950601070815234,0.43516659975913285,0.17497982243744956
logreg,0.6938775510204082,0.11076461076461076,0.3849859494179045,0.17203336622118576
logreg,0.7142857142857142,0.11543869516310461,0.3295865114411883,0.17098823284390294
logreg,0.7346938775510203,0.11191728641393071,0.2476916900843035,0.15417291354322837
logreg,0.7551020408163265,0.11236230110159119,0.18426334805299077,0.1395985401459854
logreg,0.7755102040816326,0.11396927474097893,0.12806101967081493,0.12060491493383743
logreg,0.7959183673469387,0.0972972972972973,0.06503412284223203,0.07795957651588066
logreg,0.8163265306122448,0.11386696730552424,0.04054596547571256,0.05979869745411486
logreg,0.836734693877551,0.109375,0.019670814933761542,0.03334467505954406
logreg,0.8571428571428571,0.11801242236024845,0.0076274588518667205,0.014328808446455505
logreg,0.8775510204081632,0.12727272727272726,0.0028101164191087916,0.0054988216810683424
logreg,0.8979591836734693,0.08333333333333333,0.0004014452027298274,0.0007990411506192569
logreg,0.9183673469387754,0.0,0.0,0.0
logreg,0.9387755102040816,0.0,0.0,0.0
logreg,0.9591836734693877,0.0,0.0,0.0
logreg,0.9795918367346939,0.0,0.0,0.0
logreg,1.0,0.0,0.0,0.0
rf,0.0,0.03785024007779736,1.0,0.07293969518176362
rf,0.02040816326530612,0.03785345089692916,0.9995985547972702,0.07294458847827043
rf,0.04081632653061224,0.03792409079814498,0.9979927739863509,0.07307144011874844
rf,0.061224489795918366,0.03804946736867883,0.9979927739863509,0.07330414141860911
rf,0.08163265306122448,0.03811707497230087,0.9943797671617824,0.07341978510559466
rf,0.1020408163265306,0.03831798954963921,0.9891609795262947,0.07377797739351748
rf,0.12244897959183673,0.03881351085125989,0.9807306302689683,0.07467180169027861
rf,0.14285714285714285,0.03934238508097497,0.9654757125652349,0.07560396724352023
rf,0.16326530612244897,0.040839194593849125,0.951023685266961,0.07831534405527364
rf,0.18367346938775508,0.042838043599361234,0.9261340826977118,0.08188836631466856
rf,0.2040816326530612,0.04788144066478548,0.865114411882778,0.09074066276474799
rf,0.22448979591836732,0.05383001049317943,0.8237655560016057,0.1010563640392997
rf,0.24489795918367346,0.06611399676653709,0.7715776796467282,0.12179202838856854
rf,0.26530612244897955,0.07745783804660344,0.7246085909273384,0.1399550283011553
rf,0.2857142857142857,0.09229274611398963,0.6864712966680048,0.16270992911175602
rf,0.3061224489795918,0.10677234357883884,0.665194700923324,0.18400888395335924
rf,0.32653061224489793,0.1163696702979583,0.6475311120032116,0.19728473581213307
rf,0.3469387755102041,0.12677559733968305,0.6198313930148535,0.21049761417859578
rf,0.36734693877551017,0.13691886964448496,0.6029706945002007,0.22316321224277544
rf,0.3877551020408163,0.14396500298270035,0.58129265355279,0.23077536058650092
rf,0.4081632653061224,0.15170312329959734,0.5596146126053794,0.2386986301369863
rf,0.42857142857142855,0.1602833473406171,0.5359293456443196,0.24676524953789278
rf,0.44897959183673464,0.17000929738345066,0.513849859494179,0.2554890219560878
rf,0.4693877551020408,0.1800385585051164,0.48735447611401045,0.2629413038769764
rf,0.4897959183673469,0.1924114671163575,0.458048976314733,0.2709891936824605
rf,0.5102040816326531,0.20714695203516148,0.43516659975913285,0.28068358363542206
rf,0.5306122448979591,0.21879077859939103,0.40385387394620637,0.2838200028212724
rf,0.5510204081632653,0.23169829923588858,0.37735849056603776,0.2871105681124007
rf,0.5714285714285714,0.25365853658536586,0.3548775592131674,0.2958500669344043
rf,0.5918367346938775,0.27538155275381554,0.3331995182657567,0.30154405086285196
rf,0.6122448979591836,0.2926829268292683,0.31312725812926534,0.30256012412723043
rf,0.6326530612244897,0.31681877444589307,0.2926535527900442,0.30425709515859767
rf,0.6530612244897959,0.3602941176470588,0.2753914090726616,0.31217292377701933
rf,0.673469387755102,0.4066624764299183,0.2597350461661983,0.3170014698677119
rf,0.6938775510204082,0.4436146377893951,0.23845845042151748,0.31018276762402086
rf,0.7142857142857142,0.48660328435609335,0.2260136491368928,0.3086622807017544
rf,0.7346938775510203,0.5402892561983471,0.2099558410276997,0.30239953743856607
rf,0.7551020408163265,0.5911799761620977,0.19911682055399438,0.2978978978978979
rf,0.7755102040816326,0.6441798941798942,0.19550381372942593,0.29996920234062213
rf,0.7959183673469387,0.666189111747851,0.18667201926936974,0.2916274694261524
rf,0.8163265306122448,0.7100313479623824,0.1818546768366118,0.28954937679769893
rf,0.836734693877551,0.717687074829932,0.16940987555198717,0.2741149723936343
rf,0.8571428571428571,0.7235188509874326,0.16178241670012045,0.26443569553805774
rf,0.8775510204081632,0.722753346080306,0.15174628663187475,0.25082946250829463
rf,0.8979591836734693,0.7159353348729792,0.12444801284624649,0.21203830369357046
rf,0.9183673469387754,0.7067039106145251,0.10156563629064633,0.1776061776061776
rf,0.9387755102040816,0.7108843537414966,0.08390204737053392,0.15008976660682227
rf,0.9591836734693877,0.7239583333333334,0.055800883179446,0.10361535594483787
rf,0.9795918367346939,0.8620689655172413,0.010036130068245684,0.01984126984126984
rf,1.0,0.0,0.0,0.0
gb,0.0,0.03785024007779736,1.0,0.07293969518176362
gb,0.02040816326530612,0.03785024007779736,1.0,0.07293969518176362
gb,0.04081632653061224,0.03784803004729103,0.9991971095945403,0.07293345444955607
gb,0.061224489795918366,0.03786933633569668,0.9991971095945403,0.07297301259216911
gb,0.08163265306122448,0.038021534320323014,0.9979927739863509,0.07325230202578269
gb,0.1020408163265306,0.038168174659543586,0.9923725411481332,0.07350907712208395
gb,0.12244897959183673,0.03862411414384261,0.9867523083099157,0.07433842431574172
gb,0.14285714285714285,0.03970098318030389,0.9807306302689683,0.07631274794614688
gb,0.16326530612244897,0.040850340136054424,0.9642713769570453,0.07838018632425642
gb,0.18367346938775508,0.042545507078878934,0.9458048976314734,0.08142810237268218
gb,0.2040816326530612,0.04726445987944017,0.9096748293857888,0.08986001506919936
gb,0.22448979591836732,0.05137466435377706,0.8679245283018868,0.09700722394220847
gb,0.24489795918367346,0.05859980278912523,0.8350060216780409,0.10951403148528405
gb,0.26530612244897955,0.06590306002485641,0.7876354877559213,0.12162916124232843
gb,0.2857142857142857,0.07455327206027376,0.7587314331593737,0.13576610875655484
gb,0.3061224489795918,0.08379252242816157,0.7386591730228824,0.1505112474437628
gb,0.32653061224489793,0.09031512288284665,0.7213970293054998,0.1605324280864749
gb,0.3469387755102041,0.09826622239792172,0.6985146527498997,0.17229428656302603
gb,0.36734693877551017,0.10337787676317743,0.6708149337615416,0.17914768158670596
gb,0.3877551020408163,0.11193011193011193,0.6583701324769169,0.1913317389021758
gb,0.4081632653061224,0.12172725203005236,0.6439181051786431,0.2047485320398264
gb,0.42857142857142855,0.12787744736626525,0.6266559614612606,0.21240985168050075
gb,0.44897959183673464,0.1341009743135518,0.6077880369329587,0.21972280676293449
gb,0.4693877551020408,0.13979611100622993,0.5945403452428744,0.22636606801681314
gb,0.4897959183673469,0.14689902614044079,0.5752709755118426,0.23403560346235505
gb,0.5102040816326531,0.15354200988467875,0.5612203934162987,0.24111762676785098
gb,0.5306122448979591,0.1609633957314892,0.5419510236852669,0.24820739106453393
gb,0.5510204081632653,0.16914255929111285,0.5210758731433159,0.25538612887358586
gb,0.5714285714285714,0.17730698137352482,0.5006021678040947,0.2618647627047459
gb,0.5918367346938775,0.18627602158828066,0.48494580489763145,0.26916221033868093
gb,0.6122448979591836,0.1948967601141514,0.46607788036932957,0.27485795454545453
gb,0.6326530612244897,0.20625702510303484,0.44199116820553996,0.2812619747094137
gb,0.6530612244897959,0.22012973425402804,0.4223203532717784,0.2894085281980743
gb,0.673469387755102,0.23811787072243346,0.40224809313528703,0.2991491267353336
gb,0.6938775510204082,0.25151682294539435,0.36611802488960254,0.29818538499264347
gb,0.7142857142857142,0.2682098765432099,0.34885588117222,0.30326295585412666
gb,0.7346938775510203,0.2959220498015157,0.32918506623845845,0.31166856708475865
gb,0.7551020408163265,0.3289305496378355,0.30991569650742673,0.3191401405539479
gb,0.7755102040816326,0.36987012987012985,0.28582898434363707,0.322463768115942
gb,0.7959183673469387,0.41933497536945813,0.27338418305901246,0.3309842041312272
gb,0.8163265306122448,0.469843633655994,0.2533119229225211,0.3291601460615545
gb,0.836734693877551,0.5350089766606823,0.23926134082697711,0.3306518723994452
gb,0.8571428571428571,0.5837615621788284,0.22802087515054195,0.3279445727482679
gb,0.8775510204081632,0.6219931271477663,0.21798474508229626,0.32282996432818073
gb,0.8979591836734693,0.637434554973822,0.19550381372942593,0.29923195084485404
gb,0.9183673469387754,0.657185628742515,0.17623444399839422,0.2779360557138335
gb,0.9387755102040816,0.7478632478632479,0.1405058209554396,0.23656640757012504
gb,0.9591836734693877,0.7934272300469484,0.06784423926134082,0.125
gb,0.9795918367346939,0.0,0.0,0.0
gb,1.0,0.0,0.0,0.0
baseline,,0.05786761791518034,0.4688879967884384,0.10302094818081588
